Type,Category
Building Materials,Lumber & Composites
Building Materials,"Concrete, Cement & Masonry"
Building Materials,Decking
Building Materials,Fencing
Building Materials,Moulding & Millwork
Building Materials,Insulation
Building Materials,Drywall
Building Materials,Roofing
Building Materials,Gutter Systems
Building Materials,Plywood
Building Materials,"Boards, Planks & Panels"
Building Materials,Siding
Building Materials,Ladders
Building Materials,Dimensional Lumber
Building Materials,Building Hardware
Building Materials,Ventilation
Appliances,Kitchen Appliance Packages
Appliances,Refrigerators
Appliances,Ranges
Appliances,Dishwashers
Appliances,Microwaves
Appliances,Over-the-Range Microwaves
Appliances,Range Hoods
Appliances,Freezers
Appliances,Wall Ovens
Appliances,Cooktops
Appliances,Beverage Coolers
Appliances,Mini Fridges
Bath & Faucets,Bathroom Vanities
Bath & Faucets,Bathroom Faucets
Bath & Faucets,Showers & Doors
Bath & Faucets,Bathtubs
Bath & Faucets,Shower Heads
Bath & Faucets,Toilets
Bath & Faucets,Toilet Seats
Bath & Faucets,Bidets
Bath & Faucets,Bathroom Sinks
Bath & Faucets,Bathroom Accessories
Bath & Faucets,Bathroom Storage
Bath & Faucets,Bathroom Cabinets
Bath & Faucets,Bathroom Mirrors
Bath & Faucets,Bathroom Exhaust Fans
Bath & Faucets,Bathroom Safety
Bath & Faucets,Shower Curtains
Bath & Faucets,Bathroom Remodeling
Electrical,Conduit & Fittings
Electrical,Electrical Boxes & Brackets
Electrical,Weatherproof Boxes
Electrical,Circuit Breakers
Electrical,Breaker Boxes
Electrical,Safety Switches
Electrical,Electrical Tools
Electrical,Electric Testers
Electrical,Wire
Electrical,Wiring Devices & Light Controls
Electrical,Wall Plates
Electrical,Extension Cords & Surge Protectors
Electrical,Smoke Detectors & Fire Safety
Electrical,Commercial Lighting
Electrical,Renewable Energy
Electrical,Home Security
Electrical,Recessed Lighting
Flooring,Vinyl Flooring
Flooring,Tile
Flooring,Laminate Flooring
Flooring,Hardwood Flooring
Flooring,Hybrid Resilient Flooring
Flooring,Carpet
Flooring,Gym Flooring
Flooring,Garage Flooring
Flooring,Artificial Grass
Flooring,Rugs
Flooring,Area Rugs
Flooring,Flooring Supplies
Flooring,Under Flooring Heating
Hardware,Fasteners
Hardware,Door Hardware
Hardware,Door Locks
Hardware,Door Handles
Hardware,Door Lock Combo Packs
Hardware,Cabinet Hardware
Hardware,Mailboxes
Hardware,Address Signs
Hardware,Weather Stripping
Heating & Cooling,Air Conditioners
Heating & Cooling,Central Air Conditioners
Heating & Cooling,Portable Air Conditioners
Heating & Cooling,Window Air Conditioners
Heating & Cooling,Wall Air Conditioners
Heating & Cooling,Mini Split Air Conditioners
Heating & Cooling,HVAC Parts & Supplies
Heating & Cooling,Heaters
Heating & Cooling,Space Heaters
Heating & Cooling,Fireplaces
Heating & Cooling,Air Filters
Heating & Cooling,Air Purifiers
Heating & Cooling,Dehumidifiers
Heating & Cooling,Ceiling Fans
Heating & Cooling,Fans
Heating & Cooling,Thermostats
Heating & Cooling,Boilers
Heating & Cooling,HVAC Installation
Kitchen,Kitchen Cabinets
Kitchen,Kitchen Countertops
Kitchen,Kitchen Sinks
Kitchen,Kitchen Faucets
Kitchen,Kitchen Appliances
Kitchen,Kitchen Paint
Lawn & Garden,Perennials
Lawn & Garden,Annuals
Lawn & Garden,Rose Bushes
Lawn & Garden,Trees
Lawn & Garden,Succulents
Lawn & Garden,Garden Tools
Lawn & Garden,Mulch
Lawn & Garden,Pavers
Lawn & Garden,Landscape Rocks
Lawn & Garden,Soils
Lawn & Garden,Lawn Mowers
Lawn & Garden,Grass Seed
Lawn & Garden,Greenhouses
Lawn & Garden,Raised Garden Beds
Lawn & Garden,Plant Stands
Lawn & Garden,Patio Furniture
Lawn & Garden,Fire Pits
Lighting & Ceiling Fans,Shop All Lighting
Lighting & Ceiling Fans,Flush Mount Lights
Lighting & Ceiling Fans,Chandeliers
Lighting & Ceiling Fans,Pendants
Lighting & Ceiling Fans,Lamps
Lighting & Ceiling Fans,Vanity Lights
Lighting & Ceiling Fans,Recessed Lighting
Lighting & Ceiling Fans,Sconce
Lighting & Ceiling Fans,Ceiling Fans
Lighting & Ceiling Fans,Commercial Lighting
Lighting & Ceiling Fans,Track Lighting
Lighting & Ceiling Fans,Outdoor Lighting
Lighting & Ceiling Fans,Wall Lights
Lighting & Ceiling Fans,Night Lights
Lighting & Ceiling Fans,Landscape Lighting
Lighting & Ceiling Fans,Light Bulbs
Lighting & Ceiling Fans,Light Fixture Installation
Paint,Paint Color Wall
Paint,Interior Paint
Paint,Exterior Paint
Paint,Paint Samples
Paint,Primers
Paint,Spray Paint
Paint,Interior Wood Stains
Paint,Exterior Wood Stains
Paint,Exterior Wood Coatings
Paint,Wood Finishes
Paint,Paint Supplies
Paint,Concrete Coatings
Paint,Adhesives
Paint,Caulk & Sealants
Paint,Behr Paint
Paint,Glidden Paint
Paint,Rust-Oleum Spray Paint
Paint,Patching & Repair
Plumbing,Pipe
Plumbing,Fittings
Plumbing,PVC Pipe
Plumbing,Drainage
Plumbing,Valves
Plumbing,Water Filters
Plumbing,Water Softener Systems
Plumbing,Tank Water Heaters
Plumbing,Tankless Water Heaters
Plumbing,Toilet Parts
Plumbing,Sewer Machines
Plumbing,Drain Snakes
Plumbing,Drain Cleaners
Plumbing,Toilet Plungers
Plumbing,Water Pumps
